year_month,sentiment,post_count,avg_score,avg_comments
2026-03,Neutral,42,8.238095238095237,1.6904761904761905
2026-03,Positive,15,6.666666666666667,2.4
2026-04,Neutral,74,3.2567567567567566,1.3108108108108107
2026-04,Positive,19,1.6842105263157894,1.1578947368421053
2026-04,Negative,7,1.1428571428571428,0.5714285714285714
