year_month,sentiment,post_count,avg_score,avg_comments
2026-03,Neutral,18,1.6111111111111112,1.0555555555555556
2026-03,Positive,7,1.0,0.0
2026-04,Neutral,95,23.852631578947367,3.6736842105263157
2026-04,Positive,24,1.5416666666666667,1.25
2026-04,Negative,9,1.2222222222222223,0.4444444444444444
