topic,post_count,avg_score,avg_comments
General,44,14.727272727272727,2.4318181818181817
Interview Prep,44,1.3181818181818181,0.7727272727272727
Seeking Advice,34,0.9705882352941176,0.5882352941176471
Internship,31,2.2580645161290325,1.3870967741935485
Big Tech,31,1.2903225806451613,0.6774193548387096
Job Search,22,17.363636363636363,4.818181818181818
Compensation,15,121.8,13.0
Education,15,2.3333333333333335,0.6
Resume/Profile,10,0.8,1.0
Challenges,6,1.0,0.5
