topic,post_count,avg_score,avg_comments
General,43,7.395348837209302,1.8837209302325582
Interview Prep,40,1.15,0.45
Seeking Advice,30,1.0666666666666667,0.7
Big Tech,29,1.5862068965517242,0.6896551724137931
Internship,27,1.4074074074074074,0.8148148148148148
Compensation,15,105.53333333333333,12.2
Job Search,15,24.266666666666666,6.533333333333333
Education,13,1.7692307692307692,0.15384615384615385
Challenges,6,1.0,0.5
Resume/Profile,5,0.8,2.0
