industry,post_count,avg_engagement_score,avg_comments_count
General/Unspecified,49,6.163265306122449,1.9387755102040816
Hardware/Semiconductor,48,33.5625,4.166666666666667
FAANG/Big Tech,31,1.5483870967741935,0.6774193548387096
Gaming/Entertainment,26,3.0,1.3846153846153846
FinTech/Finance,17,20.352941176470587,4.117647058823529
Established Tech,7,1.5714285714285714,0.14285714285714285
Consulting/Services,6,0.8333333333333334,0.0
Enterprise/Legacy,5,1.2,1.2
Early Stage Startup,2,1.0,0.0
