metric,value
Total Posts,1968.0
Total Comments,40202.0
Avg Score,38.854674796747965
Avg Comments,20.427845528455286
