metric,value
Total Posts,2084.0
Total Comments,41936.0
Avg Score,38.95729366602687
Avg Comments,20.122840690978887
