metric,value
Total Posts,1974.0
Total Comments,40478.0
Avg Score,38.89311043566363
Avg Comments,20.505572441742654
